Image_name,Gender,Age,
age_gender_13.jpg,Male,(25-32),M
age_gender_12.jpg,Male,(25-32),M
age_gender_10.jpg,Male,(38-43),M
age_gender_11.jpg,Male,(15-20),M
age_gender_29.jpg,Male,(38-43),M
age_gender_15.jpg,Female,(25-32),F
age_gender_14.jpg,Female,(25-32),F
age_gender_28.jpg,Male,(38-43),M
age_gender_16.jpg,Male,(15-20),M
age_gender_17.jpg,Male,(25-32),M
age_gender_1.jpg,Male,(25-32),M
age_gender_2.jpg,Male,(25-32),M
age_gender_3.jpg,Male,(25-32),M
age_gender_7.jpg,Male,(0-2),M
age_gender_6.jpg,Male,(25-32),M
age_gender_4.jpg,Male,(8-12),F
age_gender_5.jpg,Female,(38-43),F
age_gender_8.jpg,Female,(48-53),M
age_gender_9.jpg,Male,(25-32),M
age_gender_32.jpg,Female,(25-32),F
age_gender_26.jpg,Female,(25-32),M
age_gender_27.jpg,Male,(25-32),M
age_gender_33.jpg,Female,(48-53),F
age_gender_25.jpg,Male,(8-12),M
age_gender_31.jpg,Female,(8-12),F
age_gender_19.jpg,Male,(4-6),M
age_gender_18.jpg,Male,(25-32),M
age_gender_30.jpg,Male,(60-100),M
age_gender_24.jpg,Male,(4-6),M
age_gender_20.jpg,Male,(0-2),F
age_gender_21.jpg,Male,(0-2),M
age_gender_23.jpg,Male,(25-32),M
age_gender_22.jpg,Male,(25-32),M